{"stats":{"minecraft:mined":{"minecraft:oak_log":23,"minecraft:oak_leaves":2},"minecraft:picked_up":{"minecraft:oak_log":23},"minecraft:custom":{"minecraft:jump":69,"minecraft:time_since_rest":12272,"minecraft:damage_dealt":20,"minecraft:damage_taken":20,"minecraft:leave_game":4,"minecraft:play_time":12272,"minecraft:sprint_one_cm":14493,"minecraft:time_since_death":12272,"minecraft:walk_one_cm":10694,"minecraft:sneak_time":2,"minecraft:total_world_time":12272,"minecraft:fall_one_cm":2690,"minecraft:fly_one_cm":17974},"minecraft:crafted":{"minecraft:oak_planks":92}},"DataVersion":3465}