{"stats":{"minecraft:custom":{"minecraft:jump":24,"minecraft:time_since_rest":4422,"minecraft:leave_game":1,"minecraft:sprint_one_cm":4248,"minecraft:play_time":4422,"minecraft:damage_taken":20,"minecraft:time_since_death":4422,"minecraft:walk_one_cm":4728,"minecraft:sneak_time":1,"minecraft:total_world_time":4422,"minecraft:fall_one_cm":1529,"minecraft:fly_one_cm":5455},"minecraft:crafted":{"minecraft:oak_planks":48},"minecraft:mined":{"minecraft:oak_log":12,"minecraft:oak_leaves":2},"minecraft:picked_up":{"minecraft:oak_log":12}},"DataVersion":3465}