{"stats":{"minecraft:custom":{"minecraft:jump":46,"minecraft:time_since_rest":9477,"minecraft:damage_taken":20,"minecraft:leave_game":2,"minecraft:play_time":9477,"minecraft:sprint_one_cm":8363,"minecraft:time_since_death":9477,"minecraft:walk_one_cm":6174,"minecraft:sneak_time":1,"minecraft:total_world_time":9477,"minecraft:fall_one_cm":1947,"minecraft:fly_one_cm":10536},"minecraft:crafted":{"minecraft:oak_planks":68},"minecraft:mined":{"minecraft:oak_log":17,"minecraft:oak_leaves":2},"minecraft:picked_up":{"minecraft:oak_log":17}},"DataVersion":3465}